INSERT INTO users (id, name, age) VALUES (1, 'Eliza', 40), (2, 'Elana', 37), (3, 'Kerry', 35), (4, 'Molly', 15), (5, 'Beau', 12), (6, 'Tracy', 40), (7, 'Derrick', 39), (8, 'Mike', 40), (9, 'Zach', 38),(10, 'David', 39), (11, 'Craig', 42), (12, 'Margie', 62), (13, 'Roy', 70), (14, 'Kelli', 40), (15, 'Frank', 38), (16, 'Beth', 37), (17, 'Gregory', 45), (18, 'Gina', 42), (19, 'Regina', 50), (20, 'Mars', 12);

INSERT INTO projects (id, title, category, funding_goal, start_date, end_date) VALUES
(1, 'Help with my art project', 'charity', 2500.00, '2019-08-01', '2019-11-01'),
(2, 'Book publishing assistance', 'books', 5000.00, '2019-07-01', '2019-10-01'),
(3, 'Medical bills for Ashley', 'charity', 8000.00, '2019-09-15', '2019-12-15'),
(4, 'Donations to start free library', 'books', 800.00, '2019-10-01', '2019-12-01'),
(5, 'Help start college fund', 'charity', 9000.00, '2019-09-25', '2019-12-25'),
(6, 'Back to school supplies', 'charity', 500.00, '2019-07-20', '2019-10-20'),
(7, 'Help family in need', 'charity', 6000.00, '2019-09-15', '2019-12-15'),
(8, 'Support a talented musician', 'music', 1200.00, '2019-9-10', '2019-12-10'),
(9, 'Orphaned children need help', 'charity', 10000.00, '2019-09-20', '2019-12-20'),
(10, 'My car broke down', 'charity', 3000.00, '2019-08-12', '2019-11-12');

INSERT INTO pledges (id, amount, user_id, project_id) VALUES
(1, 100.00, 1, 1),
(2, 50.00, 2, 1),
(3, 50.00, 2, 2),
(4, 75.00, 3, 2),
(5, 60.00, 4, 3),
(6, 80.00, 4, 4),
(7, 50.00, 5, 4),
(8, 20.00, 5, 5),
(9, 150.00, 6, 6),
(10, 25.00, 7, 7),
(11, 300.00, 8, 7),
(12, 100.00, 8, 8),
(13, 25.00, 9, 9),
(14, 45.00, 9, 10),
(15, 55.00, 10, 10),
(16, 100.00, 11, 1),
(17, 50.00, 11, 2),
(18, 25.00, 12, 3),
(19, 50.00, 13, 4),
(20, 100.00, 14, 5),
(21, 50.00, 15, 6),
(22, 150.00, 16, 7),
(23, 45.00, 17, 8),
(24, 25.00, 18, 9),
(25, 100.00, 19, 10),
(26, 250.00, 20, 1),
(27, 140.00, 1, 2),
(28, 25.00, 1, 3),
(29, 100.00, 2, 4),
(30, 85.00, 3, 5);