INSERT INTO users
    (id, name, age)
VALUES
    (1, 'alex', 21),
    (2, 'sophie', 22),
    (3, 'patrick', 33),
    (4, 'suzy', 25),
    (5, 'izy', 44),
    (6, 'root', 40),
    (7, 'selim', 28),
    (8, 'melissa', 32),
    (9, 'cool-g', 50),
    (10, 'mai', 33),
    (11, 'nadege', 37),
    (12, 'christy', 60),
    (13, 'christ', 70),
    (14, 'moun', 56),
    (15, 'shawn', 44),
    (16, 'billy', 55),
    (17, 'mohamed', 24),
    (18, 'doul', 46),
    (19, 'emma', 29),
    (20, 'assan', 37);



INSERT INTO projects
    (id, title, category, funding_goal, start_date, end_date)
VALUES
    (1, 'construction', 'build a new kitchen', 15000.0, '09-28-2019', '10-10-2019'),
    (2, 'macOX', 'buy a new laptop', 1000.0, '09-23-2019', '10-15-2019'),
    (3, 'birthday', 'my birthday party', 900.0, '09-24-2019', '09-25-2019'),
    (4, 'TV', 'buy a new TV', 700.0, '10-1-2019', '10-15-2019'),
    (5, 'vacation', 'travel to south africa', 6000.0, '01-1-2020', '01-10-2020'),
    (6, 'gucci', 'new gucci sneaker', 700.0, '12-11-2019', '12-15-2019'),
    (7, 'bed', 'buy an electric bed', 750.0, '10-1-2019', '15-1-2019'),
    (8, 'car', 'buy a new car', 30000.0, '2-15-2020', '12-31-2020'),
    (9, 'house', 'own a house', 300000.0, '01-1-2020', '01-1-2030'),
    (10, 'couch', 'buy a new couch', 1000.0, '09-20-2019', '09-27-2019');

INSERT INTO pledges
    (id, amount, user_id, project_id)
VALUES
    (1, 10.00, 1, 2),
    (2, 20.00, 1, 3),
    (3, 40.00, 1, 4),
    (4, 50.00, 2, 3),
    (5, 10.00, 3, 2),
    (6, 20.00, 4, 4),
    (7, 40.00, 5, 10),
    (8, 60.00, 6, 10),
    (9, 50.00, 7, 9),
    (10, 700.00, 8, 8),
    (11, 1000.00, 8, 7),
    (12, 40.00, 9, 6),
    (13, 50.00, 9, 3),
    (14, 50.00, 10, 4),
    (15, 24.00, 12, 1),
    (16, 34.00, 11, 1),
    (17, 12.00, 13, 6),
    (18, 19.00, 14, 5),
    (19, 20.00, 15, 5),
    (20, 40.00, 16, 6),
    (21, 35.50, 17, 7),
    (22, 40.00, 18, 8),
    (23, 60.00, 19, 9),
    (24, 70.00, 20, 10),
    (25, 100.00, 20, 4),
    (26, 40.00, 19, 1),
    (27, 20.00, 18, 6),
    (28, 90.00, 17, 9),
    (29, 230.00, 16, 6),
    (30, 450.00, 15, 5);
